{
  "Linear_SVM": {
    "model": "Linear_SVM",
    "cv_recall_macro_mean": 0.5963341858482524,
    "cv_recall_macro_std": 0.02633886543303424,
    "classification_report": {
      "BUNDIBUGYO": {
        "precision": 0.23214285714285715,
        "recall": 0.6842105263157895,
        "f1-score": 0.3466666666666667,
        "support": 19.0
      },
      "NOT_BUNDIBUGYO": {
        "precision": 0.875,
        "recall": 0.49411764705882355,
        "f1-score": 0.631578947368421,
        "support": 85.0
      },
      "accuracy": 0.5288461538461539,
      "macro avg": {
        "precision": 0.5535714285714286,
        "recall": 0.5891640866873065,
        "f1-score": 0.48912280701754385,
        "support": 104.0
      },
      "weighted avg": {
        "precision": 0.7575549450549451,
        "recall": 0.5288461538461539,
        "f1-score": 0.579527665317139,
        "support": 104.0
      }
    },
    "confusion_matrix": [
      [
        13,
        6
      ],
      [
        43,
        42
      ]
    ],
    "roc_auc": 0.648297213622291,
    "avg_precision": 0.8797997992928505
  },
  "RBF_SVM": {
    "model": "RBF_SVM",
    "cv_recall_macro_mean": 0.671078431372549,
    "cv_recall_macro_std": 0.05673175330903825,
    "classification_report": {
      "BUNDIBUGYO": {
        "precision": 0.2653061224489796,
        "recall": 0.6842105263157895,
        "f1-score": 0.38235294117647056,
        "support": 19.0
      },
      "NOT_BUNDIBUGYO": {
        "precision": 0.8909090909090909,
        "recall": 0.5764705882352941,
        "f1-score": 0.7,
        "support": 85.0
      },
      "accuracy": 0.5961538461538461,
      "macro avg": {
        "precision": 0.5781076066790353,
        "recall": 0.6303405572755418,
        "f1-score": 0.5411764705882353,
        "support": 104.0
      },
      "weighted avg": {
        "precision": 0.7766162409019551,
        "recall": 0.596153846153846,
        "f1-score": 0.641968325791855,
        "support": 104.0
      }
    },
    "confusion_matrix": [
      [
        13,
        6
      ],
      [
        36,
        49
      ]
    ],
    "roc_auc": 0.634984520123839,
    "avg_precision": 0.880806091036673
  },
  "RandomForest": {
    "model": "RandomForest",
    "cv_recall_macro_mean": 0.7762787723785166,
    "cv_recall_macro_std": 0.051961885787692765,
    "classification_report": {
      "BUNDIBUGYO": {
        "precision": 0.27586206896551724,
        "recall": 0.42105263157894735,
        "f1-score": 0.3333333333333333,
        "support": 19.0
      },
      "NOT_BUNDIBUGYO": {
        "precision": 0.8533333333333334,
        "recall": 0.7529411764705882,
        "f1-score": 0.8,
        "support": 85.0
      },
      "accuracy": 0.6923076923076923,
      "macro avg": {
        "precision": 0.5645977011494253,
        "recall": 0.5869969040247678,
        "f1-score": 0.5666666666666667,
        "support": 104.0
      },
      "weighted avg": {
        "precision": 0.7478337754199823,
        "recall": 0.6923076923076923,
        "f1-score": 0.7147435897435896,
        "support": 104.0
      }
    },
    "confusion_matrix": [
      [
        8,
        11
      ],
      [
        21,
        64
      ]
    ],
    "roc_auc": 0.6074303405572756,
    "avg_precision": 0.8759221355520469
  },
  "LogisticRegression": {
    "model": "LogisticRegression",
    "cv_recall_macro_mean": 0.6022165387894288,
    "cv_recall_macro_std": 0.022249394058953424,
    "classification_report": {
      "BUNDIBUGYO": {
        "precision": 0.24489795918367346,
        "recall": 0.631578947368421,
        "f1-score": 0.35294117647058826,
        "support": 19.0
      },
      "NOT_BUNDIBUGYO": {
        "precision": 0.8727272727272727,
        "recall": 0.5647058823529412,
        "f1-score": 0.6857142857142857,
        "support": 85.0
      },
      "accuracy": 0.5769230769230769,
      "macro avg": {
        "precision": 0.558812615955473,
        "recall": 0.5981424148606811,
        "f1-score": 0.519327731092437,
        "support": 104.0
      },
      "weighted avg": {
        "precision": 0.758027686599115,
        "recall": 0.5769230769230769,
        "f1-score": 0.6249191984486102,
        "support": 104.0
      }
    },
    "confusion_matrix": [
      [
        12,
        7
      ],
      [
        37,
        48
      ]
    ],
    "roc_auc": 0.6507739938080495,
    "avg_precision": 0.8885188271570266
  },
  "XGBoost": {
    "model": "XGBoost",
    "cv_recall_macro_mean": 0.789535379369139,
    "cv_recall_macro_std": 0.061458876049772675,
    "classification_report": {
      "BUNDIBUGYO": {
        "precision": 0.13043478260869565,
        "recall": 0.15789473684210525,
        "f1-score": 0.14285714285714285,
        "support": 19.0
      },
      "NOT_BUNDIBUGYO": {
        "precision": 0.8024691358024691,
        "recall": 0.7647058823529411,
        "f1-score": 0.7831325301204819,
        "support": 85.0
      },
      "accuracy": 0.6538461538461539,
      "macro avg": {
        "precision": 0.4664519592055824,
        "recall": 0.4613003095975232,
        "f1-score": 0.46299483648881234,
        "support": 104.0
      },
      "weighted avg": {
        "precision": 0.6796936289689912,
        "recall": 0.6538461538461539,
        "f1-score": 0.6661591420627565,
        "support": 104.0
      }
    },
    "confusion_matrix": [
      [
        3,
        16
      ],
      [
        20,
        65
      ]
    ],
    "roc_auc": 0.5461300309597524,
    "avg_precision": 0.8689436291417223
  }
}