{
  "model": "QSVM_ZZFeatureMap",
  "n_qubits": 6,
  "kernel_type": "ZZFeatureMap",
  "kernel_compute_time_s": 449.69480204582214,
  "geometric_difference": 829.7158279162902,
  "geometric_difference_favours_quantum": true,
  "C": 0.1,
  "classification_report": {
    "BUNDIBUGYO": {
      "precision": 0.18269230769230768,
      "recall": 1.0,
      "f1-score": 0.3089430894308943,
      "support": 19.0
    },
    "NOT_BUNDIBUGYO": {
      "precision": 0.0,
      "recall": 0.0,
      "f1-score": 0.0,
      "support": 85.0
    },
    "accuracy": 0.18269230769230768,
    "macro avg": {
      "precision": 0.09134615384615384,
      "recall": 0.5,
      "f1-score": 0.15447154471544716,
      "support": 104.0
    },
    "weighted avg": {
      "precision": 0.03337647928994082,
      "recall": 0.18269230769230768,
      "f1-score": 0.05644152595372108,
      "support": 104.0
    }
  },
  "confusion_matrix": [
    [
      19,
      0
    ],
    [
      85,
      0
    ]
  ],
  "roc_auc": 0.5256965944272446,
  "avg_precision": 0.8573243289838586
}